{"loss": 0.040641799569129944, "lr": 1e-06, "_timestamp": 1714446815.448083, "_runtime": 1944.3396079540253, "_step": 1000, "_wandb": {"runtime": 1949}}