{"loss": 0.026562748476862907, "lr": 1e-06, "_timestamp": 1714379778.627497, "_runtime": 1938.5240330696106, "_step": 1000, "_wandb": {"runtime": 1943}}