{"loss": 0.017454275861382484, "lr": 1e-06, "_timestamp": 1714447427.0428193, "_runtime": 24.214041233062744, "_step": 10, "_wandb": {"runtime": 30}}