{"loss": 0.005661264061927795, "lr": 1e-06, "_timestamp": 1713959103.858158, "_runtime": 17.989421129226685, "_step": 10, "_wandb": {"runtime": 24}}