{"loss": 0.09020992368459702, "lr": 1e-06, "_timestamp": 1714375422.9067273, "_runtime": 1942.1436612606049, "_step": 1000, "_wandb": {"runtime": 1947}}